model,vector_store,type,question,answer
llama3.1,Summary_AnalysisOfMedicalDataUsingDataMinipdf_llama3.1,summary,What is the main research problem or question addressed in the paper?,"The main research problem or question addressed in the paper is: ""How can we identify redundancies among medical examination tests prescribed for disease diagnosis, and what are the implications for patient care?"""
llama3.1,Raw_AnalysisOfMedicalDataUsingDataMinipdf_llama3.1,raw,What is the main research problem or question addressed in the paper?,"The main research problem or question addressed in the paper is:

""Finding out the redundancies among medical examination tests prescribed for diagnosis of a disease, by applying techniques from Formal Concept Analysis and data mining."""
llama3.1,Summary_AnalysisOfMedicalDataUsingDataMinipdf_llama3.1,summary,What methodology or approach has been used to solve the problem or answer the question?,"The methodology used is Formal Concept Analysis (FCA) combined with classification in data mining. Specifically, FCA was used to represent the medical data as a concept lattice, which allowed for the identification of complex relationships between test results. The classification technique was then applied to analyze this lattice and identify patterns that indicated redundancy among tests."
llama3.1,Raw_AnalysisOfMedicalDataUsingDataMinipdf_llama3.1,raw,What methodology or approach has been used to solve the problem or answer the question?,"The methodology used in this paper is a combination of Formal Concept Analysis (FCA) and data mining techniques. Specifically:

1. **Formal Concept Analysis**: This approach is used for reducing the database in terms of objects (rows) or attributes (columns). It involves creating a concept lattice to identify the redundant attributes or tests.
2. **Data Mining**: The paper uses classification rule technique from data mining to find out the redundancies among the medical examination tests.
3. **Context Reduction**: This technique is used to reduce the database by identifying the redundant objects or attributes.
4. **Positive and Negative Association Rules**: The paper mentions using a method from [3] to find classification rules based on both positive and negative association rules.

Overall, the methodology involves using FCA to identify redundancies in medical tests and data mining techniques to classify these tests based on their associations with diseases."
llama3.1,Summary_AnalysisOfMedicalDataUsingDataMinipdf_llama3.1,summary,What are the key findings or results of the study?,"The authors identified several redundancies among medical tests, specifically:

1. If the TMT (Thyroid function) test gives a positive result, all other tests are redundant.
2. If the chol (cholesterol) and restecg (resting electrocardiogram) tests give positive results, the fbs (fasting blood sugar) test is redundant.
3. If the chol or restecg test gives a positive result, the trestbps (trestblood pressure) test is redundant.

These findings suggest that by analyzing patterns in large datasets, healthcare professionals can optimize testing protocols and reduce unnecessary tests, ultimately improving patient care."
llama3.1,Raw_AnalysisOfMedicalDataUsingDataMinipdf_llama3.1,raw,What are the key findings or results of the study?,"The key findings or results of the study are:

1. The application of classification in data mining and context reduction in Formal Concept Analysis to medical data reveals redundancies among medical examination tests.
2. Specific redundancy conditions have been identified:
	* If a’ ∪ ( ⌐a)’ ⊆  (CL)’or a’ ∪ ( ⌐a)’ ⊆ ( ⌐CL)’, then attribute “a” is redundant.
	* If c = a ∩ b and (a’∧b’∧c’) ⊆ CL’, (a’∧b’∧(⌐c)’) ⊆ CL’ or if c = a ∩ b and (a’ ∧b’∧c’) ⊆ ( ⌐CL)’, (a’∧b’∧(⌐c)’) ⊆ ( ⌐CL)’, then attribute “c” is redundant with respect to attributes “a” and “b”.
	* If a’ = b’ and (⌐a)’ = (⌐b)’ then one of the attribute is redundant.
3. Based on these conditions, it has been found that:
	* TMT test should be performed first. If its result is positive, then the diagnosis is positive.
	* If TMT test gives a negative result, then if cholesterol test (chol) gives a positive result, then trestbps and restecg tests are redundant.
4. The study concludes that by applying these redundancy conditions, medical professionals can reduce the number of tests required for diagnosis while maintaining accuracy.

These findings aim to contribute to reducing healthcare costs by eliminating unnecessary medical tests and improving patient outcomes through more efficient diagnostic processes."
llama3.1,Summary_AnalysisOfMedicalDataUsingDataMinipdf_llama3.1,summary,What are the limitations of the research mentioned in the paper?,"The limitations of the research mentioned in the paper are that the technique currently only works with binary data (positive or negative test results) and does not yet apply to quantitative values, which would allow for more nuanced analysis."
llama3.1,Raw_AnalysisOfMedicalDataUsingDataMinipdf_llama3.1,raw,What are the limitations of the research mentioned in the paper?,"Based on the text, there are several limitations mentioned:

1. The technique currently only works with binary data (positive or negative results), and the authors plan to experiment with quantitative values in the future.
2. The context reduction method used from Formal Concept Analysis is based on classification rules, which might not capture all possible associations between medical tests.

Additionally, while not explicitly stated as a limitation, it can be inferred that:

1. The paper only reports on a specific dataset (UCI repository of machine learning database) and may not generalize to other datasets or real-world scenarios.
2. The results are based on the association rule mining algorithm used in this study, which might not be optimal for all possible medical test combinations.

However, it is essential to note that these limitations are not explicitly stated but can be inferred from the text."
llama3.1,Summary_AnalysisOfMedicalDataUsingDataMinipdf_llama3.1,summary,How does this research build upon or differ from previous studies in the field?,"Unfortunately, there is no information provided about how this research builds upon or differs from previous studies in the field. The text only provides an overview of the article's content, methodology, results, and conclusion, but it does not provide any context about related work.

However, based on the context, we can infer that this study contributes to the ongoing effort to apply data mining techniques in medical diagnosis and care, which is a relatively new area of research. The fact that the authors mention future work could explore applying their methods to quantitative values suggests that they are building upon existing research in binary data analysis.

If I were to speculate, I would say that this study likely differs from previous studies in its specific application of FCA and classification techniques to identify redundancies among medical examination tests. The fact that the authors focus on identifying redundant tests rather than other aspects of diagnosis or patient care suggests a unique contribution to the field."
llama3.1,Raw_AnalysisOfMedicalDataUsingDataMinipdf_llama3.1,raw,How does this research build upon or differ from previous studies in the field?,"The provided text does not explicitly state how the current research builds upon or differs from previous studies in the field. However, we can infer some information:

1. **Use of existing techniques**: The research combines concepts and techniques from Formal Concept Analysis (FCA) and classification rule mining to identify redundant medical examination tests. This suggests that the study builds upon existing work in these areas.
2. **Improvement over previous methods**: The authors mention using a context reduction technique to find redundant attributes, which implies that their method may improve upon or offer an alternative to existing approaches for identifying redundant tests.
3. **Focus on medical domain**: The research is specifically focused on the medical domain, which might imply that the study addresses specific needs or limitations of previous work in this area.

However, without explicit statements about how the current research differs from or builds upon previous studies, it's difficult to provide a more detailed answer.

To better address your question, some possible areas where the current research may differ or build upon previous studies include:

* **Integration of FCA and classification rule mining**: The study might be one of the first to combine these two techniques in this specific context (medical examination tests).
* **Handling both positive and negative association rules**: The authors mention using a method from [3] that finds classification rules based on both positive and negative association rules. This might be an improvement or alternative to previous methods that only considered positive association rules.
* **Application to medical domain**: While FCA has been applied in various domains, the study's focus on medical examination tests may highlight specific challenges or opportunities for this application.

To fully answer your question, further information about how the current research differs from or builds upon previous studies would be necessary."
llama3.1,Summary_AnalysisOfMedicalDataUsingDataMinipdf_llama3.1,summary,"What data or evidence has been used, and how was it collected or analyzed?","The article discusses the application of Formal Concept Analysis (FCA) and classification in data mining to analyze a dataset of medical test results. The authors identified several redundancies among medical examination tests prescribed for disease diagnosis by analyzing this dataset.

To answer your question, here is what data or evidence has been used, and how it was collected or analyzed:

**Data/ Evidence:**
The dataset used in the study consists of binary test results (positive or negative) for various medical tests.

**Collection Methodology:**
The method of collecting the data is not explicitly stated in the article. However, it can be inferred that the dataset was likely obtained from a database or repository of medical records containing information on patient test results.

**Analysis Methodology:**
The authors used two main techniques to analyze the dataset:

1. **Formal Concept Analysis (FCA):** This technique is used to represent the medical data as a concept lattice, which allows for the identification of complex relationships between test results.
2. **Classification in Data Mining:** After applying FCA, classification is used to analyze the resulting concept lattice and identify patterns that indicate redundancy among tests.

By using these techniques, the authors were able to identify several redundancies among medical examination tests, which can help reduce unnecessary tests and improve patient care."
llama3.1,Raw_AnalysisOfMedicalDataUsingDataMinipdf_llama3.1,raw,"What data or evidence has been used, and how was it collected or analyzed?","The text does not explicitly mention where the data for the case study came from or how it was collected or analyzed. However, based on the reference [8], it can be inferred that the data is part of the UCI Machine Learning Repository.

The UCI Machine Learning Repository is a collection of datasets used for testing and validation of machine learning algorithms. The repository contains datasets in various domains, including medical datasets like the Heart Diseases dataset used in this case study.

As for how the data was analyzed, it appears that Formal Concept Analysis (FCA) was applied to identify redundant attributes among the medical examination tests. Specifically, context reduction and classification rule techniques were used to analyze the relationships between the attributes and determine which ones are redundant.

It's worth noting that the text does not provide any information on how the data was collected or whether it is representative of a larger population. However, based on the domain (medical dataset) and the analysis performed (FCA), it can be inferred that the data was likely collected from clinical trials or patient records."
llama3.1,Summary_AnalysisOfMedicalDataUsingDataMinipdf_llama3.1,summary,What are the implications or practical applications of the findings?,"The implications and practical applications of the findings are that the redundancies identified among medical examination tests can help reduce the number of unnecessary tests, which can:

* Save time and resources for healthcare professionals
* Reduce costs associated with testing
* Improve patient outcomes by avoiding unnecessary procedures and minimizing exposure to potential risks
* Enhance data-driven decision-making in medical diagnosis

By optimizing testing protocols based on the identified redundancies, healthcare professionals can provide more efficient and effective care for patients."
llama3.1,Raw_AnalysisOfMedicalDataUsingDataMinipdf_llama3.1,raw,What are the implications or practical applications of the findings?,"The implications and practical applications of the findings are:

1. **Reducing medical tests required for diagnosis**: The study reveals that some medical tests can be redundant, meaning they do not add any new information to the diagnosis. This implies that patients may require fewer medical tests, reducing the cost and time involved in the diagnostic process.
2. **Replacing expensive tests with cheaper ones**: The research suggests that some expensive tests can be replaced by cheaper alternatives without compromising the accuracy of the diagnosis.
3. **Improving efficiency of medical care**: By identifying redundant tests, healthcare professionals can streamline their workflow, reduce waiting times, and improve patient care.
4. **Reducing costs associated with medical testing**: By minimizing the number of tests required, healthcare systems can save resources, which can be allocated to other areas of medical care.

These findings have significant implications for the medical field, particularly in reducing costs, improving efficiency, and enhancing patient care."
llama3.1,Summary_AnalysisOfMedicalDataUsingDataMinipdf_llama3.1,summary,"What assumptions are made in the study, and are they justified?","Unfortunately, the text does not explicitly mention any assumptions made by the authors. However, based on the information provided, we can infer that some implicit assumptions might be made, which are likely justified given the context of the study:

1. **Assumption:** The dataset used in the study accurately represents real-world medical test results and diagnoses.
2. **Justification:** This assumption is likely justified because the authors mention analyzing a ""dataset"" without specifying any potential biases or limitations.

3. **Assumption:** The relationship between test results and disease diagnosis can be represented using Formal Concept Analysis (FCA) and classification in data mining.
4. **Justification:** This assumption might seem reasonable, given that FCA is designed to reveal complex relationships among categorical data. However, it's essential to note that the authors' technique currently only works with binary data (positive or negative test results), which may limit its applicability.

5. **Assumption:** The identified redundancies are generalizable to other datasets and medical contexts.
6. **Justification:** This assumption is not explicitly justified in the text, but it can be argued that the authors' approach is based on a sound mathematical foundation (FCA and classification), which might provide some assurance about the results' applicability.

It's worth noting that these assumptions are implicit and might not be explicitly stated by the authors. A more thorough analysis of the study would require examining the original research paper or additional information to confirm or challenge these inferred assumptions."
llama3.1,Raw_AnalysisOfMedicalDataUsingDataMinipdf_llama3.1,raw,"What assumptions are made in the study, and are they justified?","The study makes several assumptions:

1. The dataset is representative of real-world medical cases.
2. The classification rules generated by data mining techniques are accurate and reliable.
3. The context reduction technique from Formal Concept Analysis can identify redundant tests.

However, the justification for these assumptions is not provided in the text. Here's a critical evaluation of each assumption:

1. **Representativeness of the dataset**: The study uses a specific dataset (Heart Diseases) available at UCI Site, which may or may not be representative of real-world medical cases. Without further information about the population from which the data was collected, it is difficult to evaluate this assumption.
2. **Accuracy and reliability of classification rules**: The study relies on data mining techniques to generate classification rules, but it does not provide any information about the accuracy or reliability of these rules. In general, data mining techniques can be sensitive to various factors like dataset quality, feature selection, and parameter tuning, which may affect the accuracy of the generated rules.
3. **Effectiveness of context reduction technique**: The study applies Formal Concept Analysis's context reduction technique to identify redundant tests. While this approach has been used in other studies, its effectiveness in medical diagnosis is not well-established. Without a thorough evaluation of the technique's performance on the specific dataset, it is unclear whether it can accurately identify redundant tests.

In conclusion, while the study presents an interesting application of data mining and Formal Concept Analysis to medical diagnosis, the assumptions made are not fully justified by the text. Further research would be needed to confirm the representativeness of the dataset, the accuracy of classification rules, and the effectiveness of context reduction technique in this specific context."
llama3.1,Summary_AnalysisOfMedicalDataUsingDataMinipdf_llama3.1,summary,Are there any unanswered questions or suggested areas for future research?,"Yes, according to the article, here are some unanswered questions and suggested areas for future research:

1. **Applying data mining techniques to quantitative values**: The authors note that their technique currently only works with binary data (positive or negative test results). Future work could explore applying these methods to quantitative values, which would allow for more nuanced analysis.
2. **Expanding the scope of medical applications**: While the study focuses on identifying redundancies among medical examination tests, future research could investigate other areas where data mining techniques can improve medical diagnosis and care.

These areas suggest that there is still much work to be done in applying data mining techniques to medical diagnosis and care, and that further research is needed to fully realize their potential."
llama3.1,Raw_AnalysisOfMedicalDataUsingDataMinipdf_llama3.1,raw,Are there any unanswered questions or suggested areas for future research?,"Yes, the text suggests some possible areas for future research:

* Experimenting with quantitative values of medical tests (multi-valued context) in addition to the current binary data.

However, it does not explicitly state specific unanswered questions. The authors mention a postgraduate student's support in implementation and testing of software, but this is more related to acknowledgement rather than suggesting areas for future research."
llama3.1,Summary_AnalysisOfMedicalDataUsingDataMinipdf_llama3.1,summary,"How does the research contribute to its field, and why is it important?","The research contributes significantly to the field of medical diagnosis by using data mining techniques to identify redundancies among medical examination tests. This can help reduce the number of unnecessary tests, which in turn can lead to improved patient care and outcomes.

This study is important because:

1. **Reduces healthcare costs**: By identifying redundant tests, healthcare providers can save resources that would have been wasted on unnecessary procedures.
2. **Improves patient experience**: Fewer tests mean less time spent waiting for results, reduced anxiety for patients, and more efficient use of medical facilities.
3. **Enhances data-driven decision-making**: This study showcases the potential of data mining in medical diagnosis, promoting a more informed approach to healthcare decision-making.

Overall, this research demonstrates the value of applying data mining techniques to medical data, highlighting its potential to optimize testing protocols and improve patient care."
llama3.1,Raw_AnalysisOfMedicalDataUsingDataMinipdf_llama3.1,raw,"How does the research contribute to its field, and why is it important?","The research contributes to the field of medical informatics and healthcare by developing a novel method to identify redundant medical examination tests using Formal Concept Analysis (FCA) and classification rules. This contribution has several implications:

1. **Efficiency in diagnosis**: By identifying redundant tests, doctors can streamline diagnostic procedures, reducing time and costs associated with unnecessary tests.
2. **Reducing patient burden**: Fewer tests mean less inconvenience and anxiety for patients undergoing medical examinations.
3. **Cost savings**: Eliminating unnecessary tests can lead to significant cost reductions for healthcare systems.

The importance of this research lies in its potential to improve the efficiency, accuracy, and cost-effectiveness of medical diagnosis. By applying FCA and classification rules, the study provides a data-driven approach to identify redundancies in medical examination tests, which is essential for optimizing diagnostic processes. This work can serve as a foundation for further research on decision support systems in healthcare, ultimately contributing to better patient outcomes."
